locus,prob,log10(PO),qval,alpha,fst,log10q,outlier
9545_72,0.97065,1.5194,0.029351,1.6489,0.11151,-1.53237709758217,True
19864_79,0.95895,1.3685,0.035202,1.5734,0.10497,-1.45343266140002,True
